First Name,Middle Name,Last Name,Room Number,Responsible Party Email
Nomi,Katherina,Overell,2,nomi@example.com
Julian,Ynez,Izhakov,70,julian@example.com
Jenilee,Roldan,Sidery,9,jenilee@example.com
Carolina,Terrye,Martonfi,2,carolina@example.com
Lorem ipsum dolor sit amet consectetur adipiscing elit. Etiam porttitor non velit vitae ullamcorper. Cras placerat interdum molestie. Nunc non ante sit amet ipsum consectetur euismod. Praesent iaculis sit amet purus eu accumsan. Duis et ultrices est. Nulla accumsan venenatis odio sit amet posuere.,Wynn,Braden,156,gerome@example.com
Fina,Bonnie,Haddacks,551,fina@example.com
Noelani,Forbes,Blatchford,31905,noelani@example.com
Bobbye,Giuseppe,Piel,110,bobbye@example.com
Marcelia,Angel,Scrivinor,8,marcelia@example.com
Teddy,Dorine,Cannop,15461,teddy@example.com
Marla,Koressa,Zoppie,17826,marla@example.com
Sindee,Rance,McGairl,99,sindee@example.com
Jolee,Freeman,Wright,930,jolee@example.com
Lorem ipsum dolor sit amet consectetur adipiscing elit. Etiam porttitor non velit vitae ullamcorper. Cras placerat interdum molestie. Nunc non ante sit amet ipsum consectetur euismod. Praesent iaculis sit amet purus eu accumsan. Duis et ultrices est. Nulla accumsan venenatis odio sit amet posuere.,Evvy,Deerr,120,gustie@example.com
Baxy,Erin,Gooda,3,baxy@example.com
